,DATE,Home Index,Disposable income,population,Share Market,construction cost,Unemployment Rate,Year,Month,Interest Rate,Mortgage Rate
0,2002-01-01,117.144,10514.7,286739.0,10639.072857142855,858654.0,8182,2002,1,1.7296774193548388,6.9975
1,2002-02-01,117.845,10531.6,286935.0,10284.67947368421,862338.0,8215,2002,2,1.739642857142857,6.8925
2,2002-03-01,118.687,10539.0,287131.0,10800.004,844551.0,8304,2002,3,1.73,7.014
3,2002-04-01,119.611,10574.2,287343.0,10500.87,858240.0,8599,2002,4,1.753,6.985
4,2002-05-01,120.724,10616.5,287571.0,10232.527272727271,850935.0,8399,2002,5,1.751290322580645,6.806
5,2002-06-01,121.813,10648.2,287808.0,9606.968,846777.0,8393,2002,6,1.7503333333333333,6.65
6,2002-07-01,122.888,10621.0,288051.0,8558.217272727272,847129.0,8390,2002,7,1.729032258064516,6.485
7,2002-08-01,123.83,10623.0,288303.0,8618.94,839008.0,8304,2002,8,1.7432258064516128,6.29
8,2002-09-01,124.78,10633.6,288554.0,8232.3095,832134.0,8251,2002,9,1.7506666666666666,6.0925
9,2002-10-01,125.735,10661.8,288794.0,8063.230434782608,839690.0,8307,2002,10,1.7548387096774194,6.1125
10,2002-11-01,126.67,10690.9,289012.0,8586.801,844697.0,8520,2002,11,1.336,6.068
11,2002-12-01,127.624,10719.9,289214.0,8511.96380952381,855921.0,8640,2002,12,1.2383870967741935,6.0475
12,2003-01-01,128.461,10710.4,289412.0,8477.131428571427,863855.0,8520,2003,1,1.2351612903225806,5.916
13,2003-02-01,129.355,10674.0,289606.0,7941.792105263158,859225.0,8618,2003,2,1.262142857142857,5.8425
14,2003-03-01,130.148,10696.5,289809.0,8022.38380952381,851132.0,8588,2003,3,1.2529032258064516,5.745
15,2003-04-01,130.884,10752.7,290024.0,8434.214761904763,859459.0,8842,2003,4,1.258,5.8125
16,2003-05-01,131.735,10832.0,290250.0,8920.10380952381,866814.0,8957,2003,5,1.2590322580645161,5.484
17,2003-06-01,132.649,10860.6,290484.0,9448.118571428573,880865.0,9266,2003,6,1.2226666666666668,5.23
18,2003-07-01,133.77700000000002,10991.1,290726.0,9550.665909090909,891264.0,9011,2003,7,1.011290322580645,5.6325
19,2003-08-01,134.969,11066.7,290974.0,9548.194761904762,901839.0,8896,2003,8,1.0290322580645161,6.264
20,2003-09-01,136.29399999999998,10940.8,291222.0,9885.39,911589.0,8921,2003,9,1.01,6.1475
21,2003-10-01,137.531,10982.3,291463.0,10091.688260869563,925732.0,8732,2003,10,1.01,5.952
22,2003-11-01,138.79399999999998,11048.4,291677.0,10243.912105263156,925985.0,8576,2003,11,0.996,5.9325
23,2003-12-01,140.179,11057.2,291868.0,10520.594090909091,948491.0,8317,2003,12,0.9841935483870968,5.876
24,2004-01-01,141.64600000000002,11051.2,292046.0,11040.6295,938525.0,8370,2004,1,0.9970967741935484,5.7125
25,2004-02-01,143.192,11071.0,292230.0,11139.734736842103,937813.0,8167,2004,2,1.0072413793103447,5.635
26,2004-03-01,145.059,11115.6,292434.0,10988.350434782607,961159.0,8491,2004,3,1.0016129032258065,5.445
27,2004-04-01,146.593,11153.3,292651.0,11084.012857142856,967602.0,8170,2004,4,1.004,5.83
28,2004-05-01,148.186,11208.9,292872.0,10730.964,974381.0,8212,2004,5,1.004516129032258,6.27
29,2004-06-01,149.85,11215.8,293103.0,11032.586666666668,983087.0,8286,2004,6,1.0256666666666667,6.2875
30,2004-07-01,151.338,11240.5,293350.0,10774.561904761904,1006184.0,8136,2004,7,1.2635483870967743,6.056
31,2004-08-01,152.63299999999998,11274.6,293603.0,10572.118636363635,1013616.0,7990,2004,8,1.4293548387096775,5.8675
32,2004-09-01,154.179,11279.6,293857.0,10896.614285714286,1012080.0,7927,2004,9,1.605,5.754
33,2004-10-01,155.75,11282.5,294104.0,10937.160952380951,1015719.0,8061,2004,10,1.7609677419354839,5.7225
34,2004-11-01,157.52700000000002,11246.1,294337.0,11453.666666666668,1022994.0,7932,2004,11,1.932,5.73
35,2004-12-01,159.33,11659.0,294561.0,11801.183181818182,1037480.0,7934,2004,12,2.1561290322580646,5.752
36,2005-01-01,161.28799999999998,11226.5,294768.0,11605.0885,1046082.0,7784,2005,1,2.2793548387096774,5.71
37,2005-02-01,163.344,11229.0,294955.0,11813.597894736842,1066848.0,7980,2005,2,2.5017857142857145,5.6275
38,2005-03-01,165.812,11268.8,295149.0,11775.96,1071745.0,7737,2005,3,2.629032258064516,5.928
39,2005-04-01,167.50099999999998,11304.2,295359.0,11469.25238095238,1081012.0,7672,2005,4,2.785,5.855
40,2005-05-01,169.351,11352.7,295582.0,11609.289523809524,1093341.0,7651,2005,5,3.00258064516129,5.72
41,2005-06-01,171.19,11375.5,295824.0,11919.220909090907,1105896.0,7524,2005,6,3.0356666666666667,5.582
42,2005-07-01,172.86,11387.1,296077.0,12190.8285,1119101.0,7406,2005,7,3.2625806451612904,5.695
43,2005-08-01,174.442,11405.3,296338.0,12210.20695652174,1129163.0,7345,2005,8,3.4996774193548386,5.82
44,2005-09-01,176.438,11365.2,296606.0,12244.47,1148438.0,7553,2005,9,3.623,5.774
45,2005-10-01,178.028,11428.7,296857.0,11890.218095238097,1160831.0,7453,2005,10,3.7793548387096774,6.065
46,2005-11-01,179.68,11500.1,297089.0,12362.238571428572,1172090.0,7566,2005,11,3.999,6.33
47,2005-12-01,180.91,11535.2,297311.0,12626.63,1184677.0,7279,2005,12,4.1570967741935485,6.272
48,2006-01-01,182.321,11651.8,297526.0,12856.2905,1195642.0,7064,2006,1,4.285161290322581,6.145
49,2006-02-01,183.287,11702.8,297734.0,12859.933684210526,1205639.0,7184,2006,2,4.491428571428571,6.2525
50,2006-03-01,184.364,11747.5,297950.0,13036.527391304347,1205169.0,7072,2006,3,4.589354838709677,6.324
51,2006-04-01,184.329,11744.4,298170.0,13172.266315789475,1193296.0,7120,2006,4,4.790333333333333,6.5075
52,2006-05-01,184.156,11736.8,298401.0,13025.561818181817,1180581.0,6980,2006,5,4.940322580645161,6.5975
53,2006-06-01,183.507,11751.9,298653.0,12597.842727272728,1172128.0,7001,2006,6,4.991,6.682
54,2006-07-01,183.068,11746.9,298910.0,12641.689,1157926.0,7175,2006,7,5.235161290322581,6.7625
55,2006-08-01,182.594,11737.0,299178.0,12860.094782608696,1145907.0,7091,2006,8,5.2464516129032255,6.524
56,2006-09-01,182.798,11800.1,299452.0,13165.06,1135753.0,6847,2006,9,5.254666666666667,6.4025
57,2006-10-01,183.198,11853.7,299710.0,13628.524090909092,1122914.0,6727,2006,10,5.245161290322581,6.3575
58,2006-11-01,183.609,11901.9,299950.0,13920.99380952381,1121749.0,6872,2006,11,5.245666666666667,6.24
59,2006-12-01,184.139,11958.6,300178.0,14213.7325,1135406.0,6762,2006,12,5.2380645161290325,6.135
60,2007-01-01,184.517,11956.6,300398.0,14293.094,1137917.0,7116,2007,1,5.248387096774193,6.2175
61,2007-02-01,184.598,11996.0,300608.0,14573.345789473684,1139032.0,6927,2007,2,5.258928571428571,6.285
62,2007-03-01,184.15,12035.1,300823.0,14199.505909090907,1146624.0,6731,2007,3,5.256774193548387,6.156
63,2007-04-01,183.01,12052.8,301045.0,14771.3355,1150590.0,6850,2007,4,5.249666666666666,6.18
64,2007-05-01,181.6,12059.9,301278.0,15204.312272727271,1161581.0,6766,2007,5,5.2535483870967745,6.262
65,2007-06-01,180.254,12053.3,301528.0,15265.232857142855,1163511.0,6979,2007,6,5.254,6.6575
66,2007-07-01,179.111,12066.4,301790.0,15321.330476190476,1155448.0,7149,2007,7,5.258387096774194,6.695
67,2007-08-01,178.116,12070.9,302064.0,14599.317391304348,1159077.0,7067,2007,8,5.022258064516129,6.572
68,2007-09-01,177.558,12089.6,302334.0,15023.729473684212,1158580.0,7170,2007,9,4.938,6.3825
69,2007-10-01,176.62400000000002,12080.4,302590.0,15490.909565217393,1152491.0,7237,2007,10,4.755483870967742,6.375
70,2007-11-01,175.14700000000002,12070.1,302834.0,14714.020952380952,1132908.0,7240,2007,11,4.486666666666666,6.208
71,2007-12-01,174.342,12120.5,303062.0,14857.3925,1115141.0,7645,2007,12,4.244516129032258,6.095
72,2008-01-01,173.132,12137.1,303280.0,13811.948571428573,1111347.0,7685,2008,1,3.9403225806451614,5.758
73,2008-02-01,171.541,12141.8,303494.0,13645.7895,1096648.0,7497,2008,2,2.980689655172414,5.9175
74,2008-03-01,170.053,12145.9,303707.0,13217.004,1103446.0,7822,2008,3,2.6103225806451613,5.97
75,2008-04-01,168.338,12100.8,303926.0,13769.449090909093,1101252.0,7637,2008,4,2.2783333333333333,5.9175
76,2008-05-01,166.65900000000002,12696.2,304157.0,14146.891428571427,1101547.0,8395,2008,5,1.9783870967741934,6.036
77,2008-06-01,165.017,12376.6,304396.0,13641.354761904762,1090098.0,8575,2008,6,2.001,6.32
78,2008-07-01,163.566,12188.7,304646.0,12761.150454545455,1086952.0,8937,2008,7,2.009677419354839,6.426
79,2008-08-01,161.987,12120.6,304903.0,13024.891904761904,1070075.0,9438,2008,8,1.9964516129032257,6.4775
80,2008-09-01,160.308,12149.0,305158.0,12373.775238095239,1059579.0,9494,2008,9,1.8116666666666668,6.0375
81,2008-10-01,158.327,12240.5,305403.0,9739.612173913043,1055959.0,10074,2008,10,0.9693548387096774,6.2
82,2008-11-01,156.142,12345.9,305620.0,8805.89842105263,1035033.0,10538,2008,11,0.38766666666666666,6.0875
83,2008-12-01,153.619,12288.8,305827.0,8752.531363636363,999139.0,11286,2008,12,0.15516129032258064,5.286
84,2009-01-01,151.507,12361.5,306035.0,8699.811,975099.0,12058,2009,1,0.15419354838709678,5.0475
85,2009-02-01,150.015,12241.9,306237.0,8107.50842105263,971708.0,12898,2009,2,0.22214285714285714,5.13
86,2009-03-01,148.66,12242.7,306438.0,7621.979545454546,963793.0,13426,2009,3,0.18064516129032257,5.0025
87,2009-04-01,147.94899999999998,12320.0,306645.0,8586.514285714286,932482.0,13853,2009,4,0.15033333333333335,4.81
88,2009-05-01,147.694,12500.1,306863.0,9148.8315,920020.0,14499,2009,5,0.1774193548387097,4.8575
89,2009-06-01,148.09,12273.2,307090.0,9405.915909090909,912530.0,14707,2009,6,0.20633333333333334,5.42
90,2009-07-01,148.41,12218.7,307322.0,9518.542727272728,911438.0,14601,2009,7,0.1558064516129032,5.222
91,2009-08-01,148.278,12194.8,307570.0,10305.851428571428,900112.0,14814,2009,8,0.16032258064516128,5.1925
92,2009-09-01,148.025,12230.6,307826.0,10689.028095238096,887241.0,15009,2009,9,0.14666666666666667,5.0575
93,2009-10-01,147.85,12193.2,308071.0,10920.575454545457,871391.0,15352,2009,10,0.11806451612903225,4.952
94,2009-11-01,148.134,12224.4,308289.0,11081.2195,858493.0,15219,2009,11,0.119,4.875
95,2009-12-01,147.929,12280.2,308495.0,11343.635,842609.0,15098,2009,12,0.11806451612903225,4.93
96,2010-01-01,147.39600000000002,12285.8,308706.0,11516.243684210525,822114.0,15046,2010,1,0.11,5.03
97,2010-02-01,145.631,12292.0,308904.0,11182.900526315789,814885.0,15113,2010,2,0.12642857142857142,4.99
98,2010-03-01,145.859,12340.3,309095.0,11879.693913043478,821849.0,15202,2010,3,0.16451612903225807,4.9675
99,2010-04-01,146.403,12447.1,309289.0,12382.201904761903,829664.0,15325,2010,4,0.19833333333333333,5.098
100,2010-05-01,146.394,12540.3,309485.0,11643.4355,823447.0,14849,2010,5,0.2006451612903226,4.8875
101,2010-06-01,145.721,12544.3,309691.0,11204.765,821943.0,14474,2010,6,0.17666666666666667,4.7375
102,2010-07-01,144.991,12554.2,309913.0,11137.187142857145,799694.0,14512,2010,7,0.18258064516129033,4.564
103,2010-08-01,143.916,12591.4,310146.0,11206.584090909091,802030.0,14648,2010,8,0.18935483870967743,4.4275
104,2010-09-01,143.019,12589.9,310385.0,11587.08619047619,807728.0,14579,2010,9,0.19466666666666665,4.346
105,2010-10-01,142.531,12592.5,310612.0,12128.603333333333,801372.0,14516,2010,10,0.19129032258064516,4.225
106,2010-11-01,142.173,12605.1,310820.0,12450.262857142856,804151.0,15081,2010,11,0.19433333333333333,4.3
107,2010-12-01,142.06,12680.6,311020.0,12944.748636363636,789395.0,14348,2010,12,0.1832258064516129,4.714
108,2011-01-01,141.52100000000002,12740.1,311204.0,13368.1435,759964.0,14013,2011,1,0.16838709677419356,4.755
109,2011-02-01,140.35,12776.6,311373.0,13772.265789473684,758376.0,13820,2011,2,0.15678571428571428,4.9525
110,2011-03-01,139.981,12742.7,311551.0,13610.845652173912,769157.0,13737,2011,3,0.13870967741935483,4.836
111,2011-04-01,140.01,12721.3,311740.0,13920.5005,769437.0,13957,2011,4,0.098,4.84
112,2011-05-01,139.905,12705.3,311935.0,13967.826666666668,775251.0,13855,2011,5,0.09387096774193548,4.6375
113,2011-06-01,139.862,12756.9,312147.0,13434.498181818182,794839.0,13962,2011,6,0.092,4.51
114,2011-07-01,139.73,12805.6,312372.0,13848.152,792381.0,13763,2011,7,0.07096774193548387,4.545
115,2011-08-01,139.309,12799.7,312605.0,12296.037826086957,811953.0,13818,2011,8,0.09580645161290323,4.27
116,2011-09-01,138.668,12781.7,312842.0,12144.129047619048,813660.0,13948,2011,9,0.084,4.106
117,2011-10-01,137.952,12791.9,313060.0,12459.478571428572,808378.0,13594,2011,10,0.07064516129032258,4.0675
118,2011-11-01,137.15200000000002,12782.7,313260.0,12684.750952380951,812050.0,13302,2011,11,0.081,3.9925
119,2011-12-01,136.674,12898.5,313454.0,12850.309047619048,821367.0,13093,2011,12,0.07161290322580645,3.958
120,2012-01-01,136.607,12967.5,313636.0,13465.231,830610.0,12797,2012,1,0.08193548387096775,3.915
121,2012-02-01,136.533,13029.6,313811.0,14058.3455,824368.0,12813,2012,2,0.10379310344827586,3.89
122,2012-03-01,137.904,13066.4,313993.0,14396.526363636363,829288.0,12713,2012,3,0.1267741935483871,3.954
123,2012-04-01,139.154,13116.5,314176.0,14339.5995,841740.0,12646,2012,4,0.13933333333333334,3.91
124,2012-05-01,140.155,13112.5,314368.0,13862.965909090908,850928.0,12660,2012,5,0.1558064516129032,3.798
125,2012-06-01,141.03,13097.2,314576.0,13642.344285714285,858009.0,12692,2012,6,0.16166666666666665,3.675
126,2012-07-01,141.66899999999998,12999.8,314796.0,14023.289523809524,858934.0,12656,2012,7,0.15645161290322582,3.55
127,2012-08-01,142.279,12961.6,315031.0,14434.10347826087,862726.0,12471,2012,8,0.13225806451612904,3.602
128,2012-09-01,142.908,13053.1,315264.0,14884.35,866588.0,12115,2012,9,0.14433333333333334,3.4975
129,2012-10-01,143.6,13142.0,315485.0,14800.23380952381,875366.0,12124,2012,10,0.15838709677419355,3.3825
130,2012-11-01,144.585,13315.7,315692.0,14374.315238095238,872052.0,12005,2012,11,0.16066666666666668,3.352
131,2012-12-01,145.503,13642.7,315877.0,14692.8655,871809.0,12298,2012,12,0.16451612903225807,3.345
132,2013-01-01,146.827,12845.5,316038.0,15346.74238095238,862722.0,12471,2013,1,0.14258064516129032,3.414
133,2013-02-01,147.784,12813.9,316191.0,15690.381578947368,873583.0,11950,2013,2,0.145,3.5325
134,2013-03-01,149.963,12852.1,316357.0,16095.508,864510.0,11689,2013,3,0.1435483870967742,3.565
135,2013-04-01,151.519,12893.4,316535.0,16258.579545454544,879728.0,11760,2013,4,0.145,3.445
136,2013-05-01,152.85,12954.2,316729.0,16979.385454545456,888752.0,11654,2013,5,0.10903225806451614,3.536
137,2013-06-01,154.2,12955.7,316934.0,16760.588,899295.0,11751,2013,6,0.09366666666666666,4.07
138,2013-07-01,155.60399999999998,12941.8,317156.0,17336.314545454545,917756.0,11335,2013,7,0.09258064516129032,4.37
139,2013-08-01,156.965,12969.6,317397.0,17384.262272727272,929061.0,11279,2013,8,0.08290322580645161,4.456
140,2013-09-01,158.227,13027.5,317635.0,17583.887,938121.0,11270,2013,9,0.08,4.49
141,2013-10-01,159.24200000000002,12974.6,317864.0,17964.462173913045,951214.0,11136,2013,10,0.08709677419354839,4.192
142,2013-11-01,160.07399999999998,12998.9,318076.0,18561.258,964122.0,10787,2013,11,0.08433333333333333,4.255
143,2013-12-01,160.994,13019.1,318276.0,18820.946666666667,979211.0,10404,2013,12,0.08516129032258064,4.4575
144,2014-01-01,161.92700000000002,13079.5,318464.0,19020.319523809525,986587.0,10202,2014,1,0.07161290322580645,4.432
145,2014-02-01,162.525,13148.0,318642.0,18978.612631578948,987538.0,10349,2014,2,0.06642857142857143,4.3025
146,2014-03-01,163.086,13219.9,318827.0,19487.84238095238,991157.0,10380,2014,3,0.07806451612903226,4.3425
147,2014-04-01,163.393,13270.2,319020.0,19416.045714285716,1006901.0,9702,2014,4,0.09033333333333333,4.3375
148,2014-05-01,163.66,13312.9,319225.0,19614.912857142856,1007147.0,9859,2014,5,0.08709677419354839,4.192
149,2014-06-01,164.06400000000002,13360.4,319438.0,20232.84523809524,1006424.0,9460,2014,6,0.09566666666666666,4.1625
150,2014-07-01,164.579,13386.8,319670.0,20462.547272727275,1014935.0,9608,2014,7,0.09096774193548388,4.13
151,2014-08-01,165.215,13445.9,319919.0,20338.65428571429,1015096.0,9599,2014,8,0.08806451612903225,4.115
152,2014-09-01,165.905,13486.3,320166.0,20621.376666666667,1021890.0,9262,2014,9,0.08833333333333333,4.1625
153,2014-10-01,166.641,13550.7,320403.0,19990.341304347825,1046402.0,8990,2014,10,0.08903225806451613,4.036
154,2014-11-01,167.335,13624.4,320616.0,21116.381578947367,1044893.0,9090,2014,11,0.092,3.9975
155,2014-12-01,168.051,13719.1,320815.0,21199.989090909086,1056429.0,8717,2014,12,0.12258064516129032,3.864
156,2015-01-01,168.634,13797.7,320997.0,20988.1165,1061241.0,8885,2015,1,0.11483870967741935,3.67
157,2015-02-01,169.12900000000002,13848.0,321164.0,21577.083684210527,1072895.0,8599,2015,2,0.11071428571428571,3.71
158,2015-03-01,169.799,13811.3,321344.0,21602.27590909091,1086748.0,8515,2015,3,0.11290322580645161,3.77
159,2015-04-01,170.298,13842.0,321538.0,21774.576190476193,1115619.0,8550,2015,4,0.12466666666666666,3.672
160,2015-05-01,170.88,13865.6,321740.0,21889.8715,1135433.0,8834,2015,5,0.12322580645161291,3.84
161,2015-06-01,171.47099999999998,13874.1,321954.0,21803.306363636362,1158193.0,8247,2015,6,0.129,3.9825
162,2015-07-01,172.13299999999998,13905.7,322186.0,21702.66863636364,1154561.0,8167,2015,7,0.13032258064516128,4.046
163,2015-08-01,172.93599999999998,13935.8,322427.0,21125.199523809522,1164377.0,7992,2015,8,0.13806451612903226,3.905
164,2015-09-01,173.828,13972.2,322670.0,20167.730952380953,1163937.0,7907,2015,9,0.136,3.89
165,2015-10-01,174.792,13996.9,322901.0,20909.628181818185,1151533.0,7922,2015,10,0.1235483870967742,3.796
166,2015-11-01,175.738,13993.4,323113.0,21420.1555,1145510.0,8000,2015,11,0.11766666666666667,3.9425
167,2015-12-01,176.544,14060.2,323318.0,21093.54272727273,1156354.0,7907,2015,12,0.24064516129032257,3.964
168,2016-01-01,177.274,14121.1,323509.0,19622.980526315787,1160988.0,7627,2016,1,0.3429032258064516,3.8725
169,2016-02-01,177.649,14135.3,323687.0,19416.9785,1172851.0,7702,2016,2,0.37517241379310345,3.66
170,2016-03-01,178.16400000000002,14135.4,323871.0,20692.20272727273,1188776.0,7961,2016,3,0.362258064516129,3.694
171,2016-04-01,178.766,14106.2,324061.0,21279.418571428567,1185902.0,8067,2016,4,0.36533333333333334,3.605
172,2016-05-01,179.429,14095.5,324260.0,21205.86666666667,1190685.0,7652,2016,5,0.36516129032258066,3.6
173,2016-06-01,180.084,14104.9,324476.0,21425.981363636365,1217604.0,7744,2016,6,0.37766666666666665,3.568
174,2016-07-01,180.834,14160.1,324697.0,22113.4635,1214532.0,7641,2016,7,0.39161290322580644,3.44
175,2016-08-01,181.85,14176.7,324924.0,22441.019565217393,1221250.0,7784,2016,8,0.3967741935483871,3.435
176,2016-09-01,182.823,14209.1,325155.0,22280.117142857143,1232438.0,7953,2016,9,0.3963333333333333,3.46
177,2016-10-01,183.75,14235.4,325368.0,22100.24142857143,1241100.0,7811,2016,10,0.3964516129032258,3.47
178,2016-11-01,184.759,14273.6,325562.0,22402.90047619048,1264881.0,7553,2016,11,0.4066666666666667,3.77
179,2016-12-01,185.725,14313.7,325742.0,23353.511428571426,1270443.0,7521,2016,12,0.54,4.198
180,2017-01-01,186.805,14373.7,325901.0,23634.8715,1254583.0,7468,2017,1,0.6496774193548387,4.15
181,2017-02-01,187.313,14416.8,326050.0,24179.126842105263,1275911.0,7379,2017,2,0.6567857142857143,4.1675
182,2017-03-01,187.992,14476.3,326207.0,24469.472173913044,1272724.0,7073,2017,3,0.7861290322580645,4.196
183,2017-04-01,188.724,14509.3,326371.0,24423.573157894734,1269079.0,7089,2017,4,0.896,4.045
184,2017-05-01,189.616,14610.7,326548.0,24750.406818181815,1282926.0,7000,2017,5,0.9074193548387097,4.01
185,2017-06-01,190.513,14618.7,326743.0,25147.63045454545,1277352.0,6873,2017,6,1.04,3.904
186,2017-07-01,191.45,14660.2,326939.0,25351.082,1275888.0,6892,2017,7,1.1506451612903226,3.9675
187,2017-08-01,192.663,14678.3,327140.0,25313.27,1274974.0,7082,2017,8,1.1570967741935485,3.88
188,2017-09-01,193.759,14706.0,327342.0,25742.1965,1281172.0,6854,2017,9,1.1533333333333333,3.805
189,2017-10-01,194.805,14748.6,327528.0,26452.22272727273,1283266.0,6700,2017,10,1.1538709677419354,3.895
190,2017-11-01,195.958,14771.1,327699.0,26779.542857142857,1308896.0,6774,2017,11,1.157,3.922
191,2017-12-01,197.178,14797.9,327848.0,27507.5685,1313666.0,6632,2017,12,1.3016129032258066,3.95
192,2018-01-01,198.314,14886.6,327969.0,28737.567142857144,1336469.0,6489,2018,1,1.414516129032258,4.0325
193,2018-02-01,199.227,14921.1,328085.0,27841.36736842105,1355105.0,6581,2018,2,1.4175,4.33
194,2018-03-01,199.961,14974.8,328219.0,27895.235714285714,1344968.0,6472,2018,3,1.5061290322580645,4.444
195,2018-04-01,200.655,15007.2,328364.0,27420.05809523809,1355101.0,6459,2018,4,1.6923333333333332,4.4675
196,2018-05-01,201.423,15057.8,328521.0,27958.34545454545,1362364.0,6196,2018,5,1.7,4.586
197,2018-06-01,202.237,15119.3,328692.0,28569.81095238095,1343214.0,6447,2018,6,1.8196666666666668,4.57
198,2018-07-01,202.907,15184.7,328863.0,28946.92476190476,1336631.0,6195,2018,7,1.91,4.5275
199,2018-08-01,203.688,15238.6,329040.0,29594.816956521736,1340449.0,6156,2018,8,1.9148387096774193,4.55
200,2018-09-01,204.353,15237.5,329216.0,30007.22263157895,1326111.0,6073,2018,9,1.9546666666666668,4.6275
201,2018-10-01,205.12,15274.1,329379.0,28636.09956521739,1310946.0,6211,2018,10,2.187741935483871,4.83
202,2018-11-01,205.679,15315.2,329527.0,27969.63333333333,1300694.0,6115,2018,11,2.1976666666666667,4.866
203,2018-12-01,206.169,15506.5,329659.0,26286.471578947367,1289930.0,6389,2018,12,2.274193548387097,4.6375
204,2019-01-01,206.539,15501.7,329766.0,26794.38333333333,1296049.0,6439,2019,1,2.4,4.464
205,2019-02-01,206.848,15553.7,329862.0,28405.96210526316,1312040.0,6115,2019,2,2.4,4.37
206,2019-03-01,207.047,15568.9,329977.0,28851.964285714286,1322532.0,6182,2019,3,2.4051612903225807,4.265
207,2019-04-01,207.506,15524.4,330103.0,29839.13238095238,1353657.0,5911,2019,4,2.4236666666666666,4.1425
208,2019-05-01,208.138,15519.6,330240.0,29322.074545454543,1364421.0,5941,2019,5,2.390967741935484,4.072
209,2019-06-01,208.659,15546.4,330393.0,29592.568,1383309.0,5909,2019,6,2.377666666666667,3.8025
210,2019-07-01,209.262,15565.7,330553.0,30666.14363636364,1410749.0,6008,2019,7,2.4029032258064515,3.765
211,2019-08-01,210.102,15654.1,330729.0,29610.53409090909,1426091.0,5981,2019,8,2.1258064516129034,3.616
212,2019-09-01,210.913,15691.3,330904.0,30446.4425,1438119.0,5775,2019,9,2.043,3.605
213,2019-10-01,211.808,15718.1,331066.0,30373.854782608694,1442150.0,5957,2019,10,1.8296774193548386,3.688
214,2019-11-01,212.805,15778.2,331213.0,31676.9655,1463036.0,5911,2019,11,1.5533333333333332,3.695
215,2019-12-01,213.955,15684.8,331345.0,32409.59380952381,1466415.0,5870,2019,12,1.550967741935484,3.72
216,2020-01-01,214.99400000000003,15852.5,331443.0,33442.61571428572,1494117.0,5804,2020,1,1.5506451612903227,3.624
217,2020-02-01,215.837,15918.0,331525.0,33452.226842105265,1501790.0,5708,2020,2,1.5831034482758621,3.465
218,2020-03-01,216.365,15696.3,331634.0,26781.241818181818,1506335.0,7184,2020,3,0.652258064516129,3.45
219,2020-04-01,216.801,18020.2,331684.0,27750.515714285717,1460471.0,23050,2020,4,0.049,3.306
220,2020-05-01,216.987,17104.6,331685.0,29531.747,1452086.0,20939,2020,5,0.05,3.2325
221,2020-06-01,217.63,17035.0,331728.0,31573.901818181817,1459188.0,17624,2020,6,0.07766666666666666,3.1625
222,2020-07-01,219.322,17193.2,331795.0,32639.765454545453,1470971.0,16324,2020,7,0.09258064516129032,3.016
223,2020-08-01,222.424,16525.8,331870.0,34578.34095238095,1489640.0,13521,2020,8,0.09516129032258064,2.935
224,2020-09-01,225.853,16607.9,331950.0,34284.30952380953,1510182.0,12599,2020,9,0.09,2.89
225,2020-10-01,229.781,16561.9,332025.0,35032.34590909091,1534900.0,11090,2020,10,0.09,2.834
226,2020-11-01,233.235,16368.1,332063.0,36521.7695,1550976.0,10760,2020,11,0.08633333333333333,2.765
227,2020-12-01,236.521,16406.1,332047.0,38436.92272727273,1572760.0,10795,2020,12,0.09,2.684
228,2021-01-01,239.55900000000003,18107.3,331992.0,39700.926315789475,1606561.0,10155,2021,1,0.08516129032258064,2.735
229,2021-02-01,242.325,16604.9,331968.0,40853.366842105264,1585044.0,9982,2021,2,0.07571428571428572,2.81
230,2021-03-01,245.402,20422.6,332007.0,40954.32,1613045.0,9712,2021,3,0.0696774193548387,3.0825
231,2021-04-01,249.055,17316.6,332073.0,43193.137619047615,1615638.0,9737,2021,4,0.069,3.06
232,2021-05-01,253.426,16819.1,332144.0,43321.502380952385,1628281.0,9257,2021,5,0.05806451612903226,2.9625
233,2021-06-01,258.381,16736.3,332231.0,44213.31454545455,1639779.0,9508,2021,6,0.078,2.975
234,2021-07-01,262.707,16836.1,332358.0,45293.259047619045,1658346.0,8704,2021,7,0.09806451612903226,2.868
235,2021-08-01,266.921,16791.7,332489.0,46103.848181818175,1666756.0,8324,2021,8,0.09225806451612903,2.8425
236,2021-09-01,270.402,16564.3,332594.0,46081.612857142856,1667332.0,7677,2021,9,0.07933333333333334,2.9
237,2021-10-01,273.769,16547.4,332692.0,46290.51333333333,1685243.0,7345,2021,10,0.07903225806451612,3.0675
238,2021-11-01,277.251,16499.8,332790.0,48344.18095238095,1726586.0,6780,2021,11,0.07966666666666666,3.0675
239,2021-12-01,281.393,16418.5,332876.0,47946.51909090909,1754426.0,6329,2021,12,0.07967741935483871,3.098
240,2022-01-01,285.921,16080.8,332918.0,46694.27,1796460.0,6511,2022,1,0.07935483870967742,3.445
241,2022-02-01,291.09,16092.7,332959.0,45310.62052631578,1823728.0,6272,2022,2,0.08,3.7625
242,2022-03-01,296.353,16028.1,333056.0,44868.22347826087,1849637.0,5972,2022,3,0.20096774193548386,4.172
243,2022-04-01,300.55,16042.6,333184.0,44745.751,1882753.0,5968,2022,4,0.33,4.9825
244,2022-05-01,303.796,16023.2,333317.0,40970.51142857143,1880896.0,5979,2022,5,0.765483870967742,5.23
245,2022-06-01,304.755,15963.4,333460.0,39549.92523809524,1873184.0,5945,2022,6,1.205,5.522
246,2022-07-01,303.714,16109.3,333624.0,39716.2105,1869262.0,5718,2022,7,1.6758064516129032,5.4125
247,2022-08-01,301.596,16161.4,333799.0,42356.51434782609,1847285.0,6021,2022,8,2.33,5.2225
248,2022-09-01,299.38,16184.9,333976.0,39183.13142857143,1836930.0,5770,2022,9,2.555,6.112
249,2022-10-01,298.922,16223.5,334141.0,37930.35238095238,1830477.0,6053,2022,10,3.08,6.9
250,2022-11-01,298.312,16229.6,334287.0,39803.20428571429,1842206.0,6000,2022,11,3.78,6.805
251,2022-12-01,297.471,16265.1,334420.0,39625.947142857134,1840896.0,5722,2022,12,4.104193548387097,6.364
252,2023-01-01,297.025,16601.9,334533.0,40242.87,1882199.0,5694,2023,1,4.33,6.2725
253,2023-02-01,297.464,16656.1,334637.0,41592.128421052636,1889562.0,5936,2023,2,4.57,6.2575
254,2023-03-01,298.539,16730.2,334753.0,40228.87565217391,1901401.0,5839,2023,3,4.6490322580645165,6.544
255,2023-04-01,300.198,16770.5,334880.0,41553.50263157895,1907837.0,5657,2023,4,4.83,6.3425
256,2023-05-01,302.62,16829.7,335013.0,41728.321363636365,1946733.0,6097,2023,5,5.055806451612903,6.425
257,2023-06-01,304.651,16823.2,335163.0,43824.15380952381,1956226.0,5957,2023,6,5.076333333333333,6.714
258,2023-07-01,306.634,16783.7,335329.0,45551.657,1969005.0,5841,2023,7,5.12,6.84
259,2023-08-01,309.404,16764.6,335501.0,44979.726521739125,1988312.0,6355,2023,8,5.33,7.072
